{
  "version": "v5",
  "encoding": "sentence-level",
  "templates": {
    "en": "I use {} every day.",
    "de": "Ich benutze {} jeden Tag.",
    "es": "Uso {} todos los d\u00edas.",
    "ru": "\u042f \u0438\u0441\u043f\u043e\u043b\u044c\u0437\u0443\u044e {} \u043a\u0430\u0436\u0434\u044b\u0439 \u0434\u0435\u043d\u044c.",
    "zh": "\u6211\u6bcf\u5929\u90fd\u7528{}\u3002",
    "ar": "\u0623\u0633\u062a\u062e\u062f\u0645 {} \u0643\u0644 \u064a\u0648\u0645.",
    "he": "\u05d0\u05e0\u05d9 \u05de\u05e9\u05ea\u05de\u05e9 \u05d1{} \u05db\u05dc \u05d9\u05d5\u05dd.",
    "ta": "\u0ba8\u0bbe\u0ba9\u0bcd {} \u0b92\u0bb5\u0bcd\u0bb5\u0bca\u0bb0\u0bc1 \u0ba8\u0bbe\u0bb3\u0bc1\u0bae\u0bcd \u0baa\u0baf\u0ba9\u0bcd\u0baa\u0b9f\u0bc1\u0ba4\u0bcd\u0ba4\u0bc1\u0b95\u0bbf\u0bb1\u0bc7\u0ba9\u0bcd.",
    "tl": "Ginagamit ko ang {} araw-araw.",
    "id": "Saya menggunakan {} setiap hari.",
    "ja": "\u79c1\u306f\u6bce\u65e5{}\u3092\u4f7f\u3044\u307e\u3059\u3002",
    "ko": "\ub098\ub294 \ub9e4\uc77c {}\uc744 \uc0ac\uc6a9\ud569\ub2c8\ub2e4.",
    "tr": "Her g\u00fcn {} kullan\u0131yorum."
  },
  "n_concepts": 1200,
  "n_languages": 13,
  "languages": [
    "en",
    "de",
    "es",
    "ru",
    "zh",
    "ar",
    "he",
    "ta",
    "tl",
    "id",
    "ja",
    "ko",
    "tr"
  ],
  "true_rho": 0.06146643388677587,
  "baseline_rho": 0.00029966154734801235,
  "p_value": 1.4566954162973185e-15,
  "same_family_rho": 0.06951717297431237,
  "diff_family_rho": 0.060546349419628824,
  "family_gap_p": 0.6593491942384007,
  "pair_scores": {
    "en-de": 0.028341792544563014,
    "en-es": 0.07158098008103722,
    "en-ru": 0.10966510736419445,
    "en-zh": 0.1072629425265566,
    "en-ar": 0.10807354354161482,
    "en-he": 0.09369649833431909,
    "en-ta": 0.06262884171080269,
    "en-tl": 0.01710395520456133,
    "en-id": 0.04067167551512694,
    "en-ja": 0.06254590105149019,
    "en-ko": -0.020769135833337213,
    "en-tr": 0.11512320672393737,
    "de-es": 0.0691953674741576,
    "de-ru": 0.10433872209604525,
    "de-zh": 0.08708523413029694,
    "de-ar": 0.09141162208753936,
    "de-he": -0.0013237457809229624,
    "de-ta": 0.004966991884046298,
    "de-tl": 0.053057327017047774,
    "de-id": 0.04906774684132878,
    "de-ja": 0.061256934362174546,
    "de-ko": -0.011812026783772748,
    "de-tr": 0.0822887475032838,
    "es-ru": 0.1073222203252044,
    "es-zh": 0.024296145354204365,
    "es-ar": 0.05011037313323224,
    "es-he": 0.028358069209617857,
    "es-ta": 0.011949908675534396,
    "es-tl": -0.041815572289865516,
    "es-id": 0.035749522331484894,
    "es-ja": 0.002133553620201917,
    "es-ko": 0.04167573117845917,
    "es-tr": 0.1285813477793738,
    "ru-zh": 0.07643825064917004,
    "ru-ar": 0.16510538172174838,
    "ru-he": 0.046908507705663544,
    "ru-ta": 0.04254118653080727,
    "ru-tl": -0.003790452738954799,
    "ru-id": 0.1424512508242782,
    "ru-ja": 0.06254510396492836,
    "ru-ko": 0.05388671059664066,
    "ru-tr": 0.18528660726165955,
    "zh-ar": 0.1298622182128499,
    "zh-he": 0.07539192450912584,
    "zh-ta": 0.052520657204124695,
    "zh-tl": 0.08397612303797901,
    "zh-id": 0.1354116733748567,
    "zh-ja": 0.14538276034209768,
    "zh-ko": 0.05877361293185251,
    "zh-tr": 0.07678441899724921,
    "ar-he": 0.03512992432282076,
    "ar-ta": 0.052114820917249394,
    "ar-tl": -0.0033680737381536954,
    "ar-id": 0.19392163827836123,
    "ar-ja": 0.1406185906299133,
    "ar-ko": 0.07519823841828695,
    "ar-tr": 0.10579639622626659,
    "he-ta": 0.10378573542347101,
    "he-tl": 0.04969370366721546,
    "he-id": -0.03994908605227432,
    "he-ja": -0.007255884166819505,
    "he-ko": 0.03712961779677665,
    "he-tr": 0.08390279411015382,
    "ta-tl": 0.038182145453290225,
    "ta-id": -0.02392991345466721,
    "ta-ja": -0.03455755569559356,
    "ta-ko": 0.050027060494659284,
    "ta-tr": 0.0446632175476554,
    "tl-id": 0.030563269586476184,
    "tl-ja": 0.05098555496492651,
    "tl-ko": 0.043833411776908214,
    "tl-tr": 0.02469891169079171,
    "id-ja": 0.21391443322308637,
    "id-ko": 0.10896174478232849,
    "id-tr": 0.057205309386690106,
    "ja-ko": 0.06985806609717118,
    "ja-tr": -0.02544609039343185,
    "ko-tr": 0.015408397835342875
  }
}